600004,600.0039999927237,-20625.715993268037,56704.77838423011,295.9755772354224
600008,600.0079999927236,-21812.410842068588,56640.59785536835,295.64058132117304
600012,600.0119999927235,-22248.400476502717,56957.29838626675,297.2936275919524
600016,600.0159999927234,-21322.165644184093,56842.48772198027,296.6943632335818
600020,600.0199999927233,-23810.501961607264,56651.17961875934,295.6958137657229
600024,600.0239999927232,-23262.92580889852,56972.46511654421,297.3727916743552
600028,600.0279999927232,-22926.586028647216,56846.79167343918,296.7168280866989
600032,600.0319999927231,-23329.40651731603,56641.59141076515,295.6457672709371
600036,600.035999992723,-19907.086102837577,56817.56518422933,296.56427785617274
600040,600.0399999927229,-20330.02118308833,57219.848756637606,298.6640323380451
600044,600.0439999927228,-20337.8027716781,57144.436509784275,298.270411484053
600048,600.0479999927227,-19295.554531163678,57008.80669949672,297.56247976235255
600052,600.0519999927226,-22000.559992257564,56786.947761189775,296.40446752420763
600056,600.0559999927225,-20907.21273087685,56587.5061668311,295.36346458411896
600060,600.0599999927224,-20315.576696048116,56724.51599952515,296.07859945412537
600064,600.0639999927223,-21370.227141787454,56589.57728373895,295.3742749609477
600068,600.0679999927222,-19221.135632381553,56698.38757967372,295.942219869051
600072,600.0719999927221,-20247.69311896216,56824.81352862401,296.6021112271398
600076,600.075999992722,-20405.718861595808,57042.87415129308,297.74029782279973
600080,600.0799999927219,-18092.61527716425,56889.134123893215,296.9378382303199
600084,600.0839999927218,-19981.45931691109,56748.31099959684,296.202799549465
600088,600.0879999927217,-20649.5701507959,57361.13619546213,299.40149454941024
600092,600.0919999927216,-20618.959893367643,56950.53062917773,297.2583026886887
600096,600.0959999927215,-22273.34498063406,56813.58474179727,296.5435015868697
600100,600.0999999927215,-20867.95350929008,57144.96478439882,298.27316885985863
600104,600.1039999927214,-21300.686325446874,56892.76344840809,296.9567818087779
600108,600.1079999927213,-22138.788012793397,56750.1938326367,296.21262716208764
600112,600.1119999927212,-21057.266391892754,56622.47873520759,295.54600698014946
600116,600.1159999927211,-23596.765697020877,57171.78070695534,298.41313692575926
600120,600.119999992721,-22623.720474535283,57013.86196113938,297.58886614504195
600124,600.1239999927209,-21107.485363900312,56640.339193370026,295.6392312121268
600128,600.1279999927208,-23323.27234470614,57234.751462627086,298.7418183224593
600132,600.1319999927207,-21766.289739618875,57092.91942328107,298.00151352078166
600136,600.1359999927206,-22595.078929091174,57204.61373683119,298.5845118124407
600140,600.1399999927205,-23526.640139683255,57235.99977322656,298.7483339894062
600144,600.1439999927204,-21223.46182432345,56676.6512608144,295.8287652413339
600148,600.1479999927203,-23297.146167126455,56540.25621154179,295.11683928745805
600152,600.1519999927202,-23945.06147343627,56849.80347919973,296.7325484717158
600156,600.1559999927201,-22841.57563876086,57376.469928535094,299.48153031759
600160,600.15999999272,-22925.84147809852,57161.59802003081,298.3599874959198
600164,600.1639999927199,-19516.574782287942,56706.15871503456,295.9827819934387
600168,600.1679999927198,-18688.101056851985,56715.62732943823,296.032204258962
600172,600.1719999927197,-20426.823778021568,56800.923958300176,296.4774175140529
600176,600.1759999927197,-19686.503039647792,56685.78881713752,295.8764595200935
600180,600.1799999927196,-20951.22907261463,56744.33558994224,296.18204954918644
600184,600.1839999927195,-21029.122286889964,56996.909217218854,297.5003798073721
600188,600.1879999927194,-19488.111585098868,56699.32964607158,295.9471370674572
600192,600.1919999927193,-21123.192029112408,56706.50631123133,295.98459630235436
600196,600.1959999927192,-20655.155865963137,57271.54080016459,298.9338435048873
600200,600.1999999927191,-19858.44138071948,57343.910384313625,299.31158291333116
600204,600.203999992719,-19920.8090445796,57079.17450126176,297.929770691612
600208,600.2079999927189,-18009.910171333202,56634.88865497865,295.61078164768793
600212,600.2119999927188,-19706.282939342076,56754.87622226214,296.2370673064937
600216,600.2159999927187,-21855.92444360162,57152.31735521734,298.3115462498103
600220,600.2199999927186,-21282.529998598926,56986.12822890941,297.4441074908411
600224,600.2239999927185,-22102.435147773456,57052.35760030943,297.7897975188884
600228,600.2279999927184,-20931.10591021912,56862.50840193565,296.7988629331712
600232,600.2319999927183,-20373.87689583416,56570.648570087586,295.2754748755064
600236,600.2359999927182,-22622.400269674996,57071.33411764855,297.8888471198816
600240,600.2399999927181,-22183.01089589207,56961.37371377018,297.31489912222935
600244,600.243999992718,-23047.173559844457,56868.37207412651,296.8294688858063
600248,600.247999992718,-23685.124303940396,57345.527203166544,299.32002204151246
600252,600.2519999927179,-22005.770816271342,57131.80294428673,298.2044694779783
600256,600.2559999927178,-23417.762152882966,57210.530209252676,298.6153933605226
600260,600.2599999927177,-22718.952127770903,56909.83475680419,297.0458870041543
600264,600.2639999927176,-21757.690595303255,56584.16797249462,295.34604058522825
600268,600.2679999927175,-23384.191884059852,57105.629831867736,298.0678566161174
600272,600.2719999927174,-22531.279495399955,56971.56975535769,297.3681182579066
600276,600.2759999927173,-23191.664503152453,57032.66888275342,297.6870305262343
600280,600.2799999927172,-23610.31218474567,57105.18959374638,298.06555875452966
600284,600.2839999927171,-22008.50505524552,57056.335640173835,297.8105612477783
600288,600.287999992717,-21608.986755502414,57233.66886666868,298.73616761765396
600292,600.2919999927169,-19927.78507568079,56686.92038099988,295.88236581717956
600296,600.2959999927168,-19052.520139455108,56571.64734923455,295.2806880910938
600300,600.2999999927167,-20438.454922452933,57005.0921136607,297.54309115493123
600304,600.3039999927166,-20814.833827563685,57211.498151605025,298.6204456207488
600308,600.3079999927165,-20902.309485191203,56983.247777423836,297.4290727210133
600312,600.3119999927164,-20878.63333324154,56718.8518827876,296.0490350987272
600316,600.3159999927163,-20504.326713627514,56804.90523494396,296.49819813759734
600320,600.3199999927162,-20584.383776061593,56806.55765687174,296.5068230991588
600324,600.3239999927162,-19768.684181887955,56659.20210639732,295.7376878454244
600328,600.3279999927161,-18752.160160318577,56710.7189392523,296.0065844847565
600332,600.331999992716,-19504.02893443977,57203.76063645489,298.5800589800073
600336,600.3359999927159,-19914.713179333303,56998.19375019891,297.5070845402197
600340,600.3399999927158,-20670.48380422546,56635.14197702249,295.6121038843722
600344,600.3439999927157,-22526.640804571663,57144.98973502158,298.2732990918282
600348,600.3479999927156,-22450.17007099998,57096.99121120215,298.0227665758973
600352,600.3519999927155,-21980.339791085753,56857.370315657354,296.77204424001275
600356,600.3559999927154,-22160.842116192565,56921.17291539944,297.105067519988
600360,600.3599999927153,-22386.43117728177,57108.21224959944,298.0813357725586
600364,600.3639999927152,-23068.200839291887,56957.737857274326,297.2959214495222
600368,600.3679999927151,-23263.47266815081,56785.417247366,296.3964788727153
600372,600.371999992715,-23179.21628481305,57299.52705357978,299.07992021562046
600376,600.3759999927149,-22985.130394719676,57210.763417539136,298.6166106116815
600380,600.3799999927148,-21978.056962645675,56552.534510027726,295.18092694612443
600384,600.3839999927147,-21560.445242101036,56385.171996932564,294.30736359163495
600388,600.3879999927146,-22711.438168318447,56813.207052386424,296.5415302037768
600392,600.3919999927145,-23235.343459163785,56899.79659840218,296.9934919536475
600396,600.3959999927145,-23371.59820336599,56875.003877121635,296.8640841647214
600400,600.3999999927144,-23962.234944310247,57317.011320679805,299.1711808852663
600404,600.4039999927143,-22736.20814981301,57003.669857079345,297.5356675616356
600408,600.4079999927142,-21391.899822549625,56770.17955399858,296.3169443922242
600412,600.4119999927141,-20889.33303167956,56941.61623115952,297.21177320432554
600416,600.415999992714,-19807.697950409165,56858.691285062174,296.77893915598355
600420,600.4199999927139,-19252.27339604844,56863.50524738908,296.80406605567515
600424,600.4239999927138,-19092.406646233776,56667.09241558149,295.77887200806276
600428,600.4279999927137,-20066.559007833806,57306.79042178317,299.11783200467823
600432,600.4319999927136,-20743.90608379901,57211.503986724725,298.62047607766925
600436,600.4359999927135,-20615.665615418195,56496.26994472933,294.88724909980164
600440,600.4399999927134,-20570.193450420957,56796.54246545755,296.4545479268646
600444,600.4439999927133,-19601.824259779656,56602.42449334308,295.4413321012239
600448,600.4479999927132,-18879.73879037415,56840.34243919376,296.6831657414274
600452,600.4519999927131,-18608.848880885565,56829.29896250178,296.6255233437013
600456,600.455999992713,-19280.406462158102,56868.58173483585,296.8305632283156
600460,600.4599999927129,-20126.22126934872,57073.782170749604,297.9016249483174
600464,600.4639999927128,-20036.12807276069,56393.21148126751,294.34932638709085
600468,600.4679999927127,-20750.361273288716,56776.27057189778,296.348736995776
600472,600.4719999927127,-20793.573438257958,56986.05666674134,297.4437339658119
600476,600.4759999927126,-21397.6775876376,57025.896603101326,297.65168201705495
600480,600.4799999927125,-22381.00847854653,57187.94951845559,298.4975314592247
600484,600.4839999927124,-21812.11321671368,56577.199122512146,295.3096660599236
600488,600.4879999927123,-22298.14441818741,56981.665492938686,297.42081384800144
600492,600.4919999927122,-22692.457111498123,57190.24066128395,298.50949028069397
600496,600.4959999927121,-22426.11361451698,56827.780373302085,296.61759693383306
600500,600.499999992712,-23225.45046637671,56751.90542991677,296.221560994604
600504,600.5039999927119,-22990.875302170807,56481.20359043119,294.8086089386496
600508,600.5079999927118,-22480.36487846907,56720.187806187765,296.0560080683917
600512,600.5119999927117,-22012.948488543603,56659.18736267063,295.73761088924635
600516,600.5159999927116,-21492.601104824847,56578.28351632885,295.3153261488084
600520,600.5199999927115,-22708.832022244245,57136.14666809657,298.22714192637864
600524,600.5239999927114,-22837.147925266152,56646.30317271458,295.67036072677126
600528,600.5279999927113,-21716.831887791363,56662.63593886669,295.75561103595976
600532,600.5319999927112,-21702.626637679088,57053.163047706046,297.7940016224038
600536,600.5359999927111,-20396.374854201036,56266.60340531703,293.6884844011087
600540,600.539999992711,-19368.86063319741,56427.038202572614,294.5258879335697
600544,600.543999992711,-19942.84157102294,56833.62466194394,296.64810171232955
600548,600.5479999927109,-19664.173443313226,57064.43161128589,297.85281888093465
600552,600.5519999927108,-19096.30934511715,57083.26516528271,297.9511222721909
600556,600.5559999927107,-19733.093075527617,56593.77215160323,295.39617044265015
600560,600.5599999927106,-20728.13345343295,56948.3840825855,297.2470985999893
600564,600.5639999927105,-21056.75977023315,56558.91607803247,295.2142361015023
600568,600.5679999927104,-20740.949868461885,56738.22646491338,296.150162433879
600572,600.5719999927103,-19238.98641705605,57387.77292280341,299.54052729012705
600576,600.5759999927102,-18983.866279215203,57145.09532370052,298.2738502212231
600580,600.5799999927101,-19410.258680156156,57214.347143083345,298.63531618230223
600584,600.58399999271,-19884.116687545455,56730.108491880994,296.1077899597647
600588,600.5879999927099,-22320.634411658786,56960.817184401996,297.3119942682525
600592,600.5919999927098,-22160.85681144621,57106.041016289724,298.07000282936633
600596,600.5959999927097,-21372.018831064386,56555.139899095055,295.19452600347194
600600,600.5999999927096,-22283.715263226488,56760.97582575002,296.26890472328074
600604,600.6039999927095,-21785.26784570978,56819.44659165683,296.57409802768626
600608,600.6079999927094,-22592.671004977754,56913.65913380066,297.06584867619233
600612,600.6119999927093,-22566.457764495455,56820.727079286386,296.58078164547123
600616,600.6159999927092,-21845.353268293704,57116.344104452415,298.1237807040562
600620,600.6199999927092,-22838.496723733504,57033.202957381305,297.68981817571955
600624,600.6239999927091,-22816.61820878683,56488.22701640303,294.84526832813
600628,600.627999992709,-23481.12917771573,56859.862632795,296.7850531084801
600632,600.6319999927089,-23825.621498814464,56812.51369259013,296.537911151348
600636,600.6359999927088,-22146.750234407264,56813.87705550552,296.54502734397516
600640,600.6399999927087,-21190.98586068175,56876.178428811945,296.87021484055583
600644,600.6439999927086,-21148.189171079808,56788.378925247634,296.41193761086015
600648,600.6479999927085,-21125.97128244142,56870.37433465959,296.8399198607318
600652,600.6519999927084,-22075.72542849102,56797.86121708407,296.4614312669466
600656,600.6559999927083,-21911.298017355773,56772.40177254337,296.3285434573343
600660,600.6599999927082,-20501.233870230044,56438.163942804524,294.58395971307647
600664,600.6639999927081,-20255.920947688224,56585.33735736344,295.35214429238346
600668,600.667999992708,-19982.28365041168,57321.039691490674,299.1922073209573
600672,600.6719999927079,-20129.10564811282,57309.46763697118,299.13180596477883
600676,600.6759999927078,-20119.710511270514,56699.785324968776,295.9495155235323
600680,600.6799999927077,-19774.069675770985,56933.445035281286,297.169122928887
600684,600.6839999927076,-20403.46652427235,57098.03843906298,298.02823267380717
600688,600.6879999927075,-19920.803307464434,56657.31175653385,295.7278209980799
600692,600.6919999927075,-19933.738653540175,57060.625610332645,297.83295312427015
600696,600.6959999927074,-20840.982137457246,57205.35558877407,298.5883839738929
600700,600.6999999927073,-19859.952232568172,57205.53584040986,298.58932481315674
600704,600.7039999927072,-19580.806626255297,56733.48252712996,296.1254010334499
600708,600.7079999927071,-20945.128913971894,56610.56896173559,295.4838428702003
600712,600.711999992707,-21761.065119331604,57520.80222434503,300.23488542774663
600716,600.7159999927069,-22506.208223232323,56796.277235731446,296.45316353698564
600720,600.7199999927068,-22511.45930562512,56605.45202095271,295.45713454781463
600724,600.7239999927067,-21414.1905636714,57008.863446714175,297.56277595944425
600728,600.7279999927066,-22282.400771061846,57060.26157201125,297.83105299423914
600732,600.7319999927065,-22559.98123750339,57392.95139896088,299.56755680181163
600736,600.7359999927064,-22206.55393433851,56790.882918485295,296.42500742375825
600740,600.7399999927063,-23276.52624726417,56754.04329805807,296.23271978536565
600744,600.7439999927062,-22811.700045011956,56985.53443585014,297.44100813575176
600748,600.7479999927061,-23578.376216794415,56944.32610395811,297.2259176236963
600752,600.751999992706,-23997.843208632086,57015.696928950194,297.5984439208924
600756,600.7559999927059,-23230.435298022654,56928.369653288755,297.14263152626216
600760,600.7599999927058,-23422.902317926437,56954.47340621187,297.2788823601351
600764,600.7639999927057,-21274.59466181415,56622.59316948066,295.5466042799007
600768,600.7679999927057,-20488.000850639346,56714.560986092314,296.0266383860967
600772,600.7719999927056,-21762.760311118698,57186.31649810869,298.4890077659208
600776,600.7759999927055,-21091.071730825155,57142.119337773955,298.2583168009795
600780,600.7799999927054,-21323.771354936613,56699.813072013116,295.9496603516702
600784,600.7839999927053,-21409.186454626186,56472.32162027016,294.76224871433857
600788,600.7879999927052,-20609.714984777616,57398.292622980574,299.5954357902746
600792,600.7919999927051,-20802.333826359776,57539.05392013267,300.3301517589131
600796,600.795999992705,-19350.570663099574,56570.268458090846,295.2734908475135
600800,600.7999999927049,-18757.299579038732,56520.346617655625,295.01291941137544
600804,600.8039999927048,-20055.46606501197,56859.085499413864,296.7809967924583
600808,600.8079999927047,-19250.12960869856,56957.05114930713,297.2923371169003
600812,600.8119999927046,-19668.360965050844,57037.76747701204,297.71364308732325
600816,600.8159999927045,-20673.37242437345,57109.80901329091,298.08967022106117
600820,600.8199999927044,-19787.258000554393,57031.346178095904,297.68012655295945
600824,600.8239999927043,-20617.384654066787,56679.97628827167,295.8461205145407
600828,600.8279999927042,-20886.97308868077,56745.68972955133,296.18911759995535
600832,600.8319999927041,-21073.725770072815,57420.95633698504,299.7137310385043
600836,600.835999992704,-22353.41452322257,57190.829653035384,298.51256457493486
600840,600.839999992704,-21657.267068674933,56845.67590339907,296.71100422685686
600844,600.8439999927039,-21907.459742627718,56886.37717985307,296.9234481184645
600848,600.8479999927038,-22399.412990084336,56604.42945268541,295.45179716282166
600852,600.8519999927037,-21818.43481189901,57127.06325697989,298.1797302632855
600856,600.8559999927036,-22603.295372682347,57238.388686432685,298.7608031319599
600860,600.8599999927035,-21989.972399554736,56575.09397469617,295.2986780557773
600864,600.8639999927034,-21881.933699938498,56859.71148382996,296.78426417316547
600868,600.8679999927033,-23942.041782358257,57003.03839963587,297.5323716139808
600872,600.8719999927032,-23925.63604515657,57027.81843454321,297.6617131852663
600876,600.8759999927031,-23687.30939314066,56958.79771511532,297.30145347072425
600880,600.879999992703,-23677.629488000224,56883.742476701584,296.9096960536769
600884,600.8839999927029,-21181.286293206373,56782.49945693799,296.38124920899406
600888,600.8879999927028,-20526.784425734488,56359.91739116684,294.17554495602167
600892,600.8919999927027,-20809.02999933123,56733.55574530205,296.1257832021377
600896,600.8959999927026,-20278.054937068948,57018.07619539006,297.61086271130125
600900,600.8999999927025,-21332.678736693502,56518.54602981055,295.0035210847794
600904,600.9039999927024,-21136.40768932118,56554.961542064295,295.1935950532657
600908,600.9079999927023,-21651.655043407336,57167.09715140911,298.388690695727
600912,600.9119999927022,-22262.441043673076,56945.33426958921,297.2311798328631
600916,600.9159999927022,-20223.29902367473,56665.2832280021,295.7694287943973
600920,600.9199999927021,-19899.253860148445,56873.87125599722,296.85817234916306
600924,600.923999992702,-19342.244223392627,56833.682620686406,296.64840423308254
600928,600.9279999927019,-18618.45710113223,57177.598018495926,298.4435008949034
600932,600.9319999927018,-20105.178127096024,57114.95412865511,298.11652560315156
600936,600.9359999927017,-20357.30509840832,57047.69599310875,297.76546585017576
600940,600.9399999927016,-20328.06950146539,57099.77441190715,298.03729373672394
600944,600.9439999927015,-20803.088383576927,56672.04129059662,295.8047030963944
600948,600.9479999927014,-20467.1922850549,57105.077907892024,298.0649758003915
600952,600.9519999927013,-21357.967738431937,57021.025725333435,297.6262580422141
600956,600.9559999927012,-22557.40338121161,57043.5779588532,297.7439714082506
600960,600.9599999927011,-22128.97351402015,57298.18853671027,299.07293370911464
600964,600.963999992701,-22107.02605997247,56560.46054984726,295.22229760795614
600968,600.9679999927009,-21978.388447701236,56923.31456714428,297.116246059601
600972,600.9719999927008,-21515.419527312417,57253.813664089575,298.84131515926924
600976,600.9759999927007,-22816.087439705803,57236.14275840401,298.7490803131136
600980,600.9799999927006,-22459.946072410083,57365.04465351388,299.4218950899102
600984,600.9839999927005,-22349.174653334332,57103.18765170315,298.0551094419899
600988,600.9879999927005,-23494.978920017977,57352.76129377062,299.35778101356607
600992,600.9919999927004,-23013.241685489043,57151.168992264764,298.3055522683955
600996,600.9959999927003,-24124.459549207077,56550.695209678095,295.1713265562066
601000,600.9999999927002,-24722.331854243967,57099.90241667391,298.0379618688604
